﻿<?xml version="1.0" encoding="utf-8"?>
<helpItems schema="maml" xmlns="http://msh">
  <command:command xmlns:maml="http://schemas.microsoft.com/maml/2004/10" xmlns:command="http://schemas.microsoft.com/maml/dev/command/2004/10" xmlns:dev="http://schemas.microsoft.com/maml/dev/2004/10" xmlns:MSHelp="http://msdn.microsoft.com/mshelp">
    <command:details>
      <command:name>Get-UnifiFirewallGroupBody</command:name>
      <command:verb>Get</command:verb>
      <command:noun>UnifiFirewallGroupBody</command:noun>
      <maml:description>
        <maml:para>Build a Body for Set-UnifiFirewallGroup call</maml:para>
      </maml:description>
    </command:details>
    <maml:description>
      <maml:para>Build a JSON based Body for Set-UnifiFirewallGroup call</maml:para>
    </maml:description>
    <command:syntax>
      <command:syntaxItem>
        <maml:name>Get-UnifiFirewallGroupBody</maml:name>
        <command:parameter required="true" variableLength="true" globbing="false" pipelineInput="True (ByPropertyName, ByValue)" position="2" aliases="FirewallGroup">
          <maml:name>UnfiFirewallGroup</maml:name>
          <maml:Description>
            <maml:para>Existing Unfi Firewall Group</maml:para>
          </maml:Description>
          <command:parameterValue required="true" variableLength="false">PSObject</command:parameterValue>
          <dev:type>
            <maml:name>PSObject</maml:name>
            <maml:uri />
          </dev:type>
          <dev:defaultValue>None</dev:defaultValue>
        </command:parameter>
        <command:parameter required="true" variableLength="true" globbing="false" pipelineInput="True (ByPropertyName, ByValue)" position="3" aliases="CidrInput">
          <maml:name>UnifiCidrInput</maml:name>
          <maml:Description>
            <maml:para>IPv4 or IPv6 input List</maml:para>
          </maml:Description>
          <command:parameterValue required="true" variableLength="false">PSObject</command:parameterValue>
          <dev:type>
            <maml:name>PSObject</maml:name>
            <maml:uri />
          </dev:type>
          <dev:defaultValue>None</dev:defaultValue>
        </command:parameter>
      </command:syntaxItem>
    </command:syntax>
    <command:parameters>
      <command:parameter required="true" variableLength="true" globbing="false" pipelineInput="True (ByPropertyName, ByValue)" position="2" aliases="FirewallGroup">
        <maml:name>UnfiFirewallGroup</maml:name>
        <maml:Description>
          <maml:para>Existing Unfi Firewall Group</maml:para>
        </maml:Description>
        <command:parameterValue required="true" variableLength="false">PSObject</command:parameterValue>
        <dev:type>
          <maml:name>PSObject</maml:name>
          <maml:uri />
        </dev:type>
        <dev:defaultValue>None</dev:defaultValue>
      </command:parameter>
      <command:parameter required="true" variableLength="true" globbing="false" pipelineInput="True (ByPropertyName, ByValue)" position="3" aliases="CidrInput">
        <maml:name>UnifiCidrInput</maml:name>
        <maml:Description>
          <maml:para>IPv4 or IPv6 input List</maml:para>
        </maml:Description>
        <command:parameterValue required="true" variableLength="false">PSObject</command:parameterValue>
        <dev:type>
          <maml:name>PSObject</maml:name>
          <maml:uri />
        </dev:type>
        <dev:defaultValue>None</dev:defaultValue>
      </command:parameter>
    </command:parameters>
    <command:inputTypes />
    <command:returnValues>
      <command:returnValue>
        <dev:type>
          <maml:name>System.Management.Automation.PSObject</maml:name>
        </dev:type>
        <maml:description>
          <maml:para></maml:para>
        </maml:description>
      </command:returnValue>
    </command:returnValues>
    <maml:alertSet>
      <maml:alert>
        <maml:para>This is an internal helper function only</maml:para>
        <maml:para>. LINK Set-UnifiFirewallGroup</maml:para>
      </maml:alert>
    </maml:alertSet>
    <command:examples>
      <command:example>
        <maml:title>-------------------------- EXAMPLE 1 --------------------------</maml:title>
        <dev:code>Get-UnifiFirewallGroupBody -UnfiFirewallGroup $value1 -UnifiCidrInput $value2</dev:code>
        <dev:remarks>
          <maml:para>Build a Body for Set-UnifiFirewallGroup call</maml:para>
        </dev:remarks>
      </command:example>
    </command:examples>
    <command:relatedLinks />
  </command:command>
  <command:command xmlns:maml="http://schemas.microsoft.com/maml/2004/10" xmlns:command="http://schemas.microsoft.com/maml/dev/command/2004/10" xmlns:dev="http://schemas.microsoft.com/maml/dev/2004/10" xmlns:MSHelp="http://msdn.microsoft.com/mshelp">
    <command:details>
      <command:name>Get-UnifiFirewallGroups</command:name>
      <command:verb>Get</command:verb>
      <command:noun>UnifiFirewallGroups</command:noun>
      <maml:description>
        <maml:para>Get a List Firewall Groups via the API of the UniFi Controller</maml:para>
      </maml:description>
    </command:details>
    <maml:description>
      <maml:para>Get a List Firewall Groups via the API of the Ubiquiti UniFi Controller</maml:para>
    </maml:description>
    <command:syntax>
      <command:syntaxItem>
        <maml:name>Get-UnifiFirewallGroups</maml:name>
        <command:parameter required="false" variableLength="true" globbing="false" pipelineInput="True (ByPropertyName, ByValue)" position="2" aliases="Site">
          <maml:name>UnifiSite</maml:name>
          <maml:Description>
            <maml:para>UniFi Site as configured. The default is: default</maml:para>
          </maml:Description>
          <command:parameterValue required="true" variableLength="false">String</command:parameterValue>
          <dev:type>
            <maml:name>String</maml:name>
            <maml:uri />
          </dev:type>
          <dev:defaultValue>Default</dev:defaultValue>
        </command:parameter>
      </command:syntaxItem>
    </command:syntax>
    <command:parameters>
      <command:parameter required="false" variableLength="true" globbing="false" pipelineInput="True (ByPropertyName, ByValue)" position="2" aliases="Site">
        <maml:name>UnifiSite</maml:name>
        <maml:Description>
          <maml:para>UniFi Site as configured. The default is: default</maml:para>
        </maml:Description>
        <command:parameterValue required="true" variableLength="false">String</command:parameterValue>
        <dev:type>
          <maml:name>String</maml:name>
          <maml:uri />
        </dev:type>
        <dev:defaultValue>Default</dev:defaultValue>
      </command:parameter>
    </command:parameters>
    <command:inputTypes />
    <command:returnValues>
      <command:returnValue>
        <dev:type>
          <maml:name>System.Management.Automation.PSObject</maml:name>
        </dev:type>
        <maml:description>
          <maml:para></maml:para>
        </maml:description>
      </command:returnValue>
    </command:returnValues>
    <maml:alertSet>
      <maml:alert>
        <maml:para>Initial version of the Ubiquiti UniFi Controller automation function</maml:para>
      </maml:alert>
    </maml:alertSet>
    <command:examples>
      <command:example>
        <maml:title>-------------------------- EXAMPLE 1 --------------------------</maml:title>
        <dev:code>Get-UnifiFirewallGroups</dev:code>
        <dev:remarks>
          <maml:para>Get a List Firewall Groups via the API of the Ubiquiti UniFi Controller</maml:para>
        </dev:remarks>
      </command:example>
      <command:example>
        <maml:title>-------------------------- EXAMPLE 2 --------------------------</maml:title>
        <dev:code>Get-UnifiFirewallGroups -UnifiSite 'Contoso'</dev:code>
        <dev:remarks>
          <maml:para>Get a List Firewall Groups on Site 'Contoso' via the API of the Ubiquiti UniFi Controller</maml:para>
        </dev:remarks>
      </command:example>
    </command:examples>
    <command:relatedLinks>
      <maml:navigationLink>
        <maml:linkText>Get-UniFiConfig</maml:linkText>
        <maml:uri></maml:uri>
      </maml:navigationLink>
      <maml:navigationLink>
        <maml:linkText>Set-UniFiDefaultRequestHeader</maml:linkText>
        <maml:uri></maml:uri>
      </maml:navigationLink>
      <maml:navigationLink>
        <maml:linkText>Set-UniFiDefaultRequestHeader</maml:linkText>
        <maml:uri></maml:uri>
      </maml:navigationLink>
    </command:relatedLinks>
  </command:command>
  <command:command xmlns:maml="http://schemas.microsoft.com/maml/2004/10" xmlns:command="http://schemas.microsoft.com/maml/dev/command/2004/10" xmlns:dev="http://schemas.microsoft.com/maml/dev/2004/10" xmlns:MSHelp="http://msdn.microsoft.com/mshelp">
    <command:details>
      <command:name>Get-UnifiNetworkDetails</command:name>
      <command:verb>Get</command:verb>
      <command:noun>UnifiNetworkDetails</command:noun>
      <maml:description>
        <maml:para>Get the details about one network via the API of the UniFi Controller</maml:para>
      </maml:description>
    </command:details>
    <maml:description>
      <maml:para>Get the details about one network via the API of the UniFi Controller</maml:para>
    </maml:description>
    <command:syntax>
      <command:syntaxItem>
        <maml:name>Get-UnifiNetworkDetails</maml:name>
        <command:parameter required="true" variableLength="true" globbing="false" pipelineInput="True (ByPropertyName, ByValue)" position="2" aliases="UnifiNetworkId, NetworkId">
          <maml:name>UnifiNetwork</maml:name>
          <maml:Description>
            <maml:para>The ID (network_id) of the network you would like to get detaild information about.</maml:para>
          </maml:Description>
          <command:parameterValue required="true" variableLength="false">String</command:parameterValue>
          <dev:type>
            <maml:name>String</maml:name>
            <maml:uri />
          </dev:type>
          <dev:defaultValue>None</dev:defaultValue>
        </command:parameter>
        <command:parameter required="false" variableLength="true" globbing="false" pipelineInput="True (ByPropertyName, ByValue)" position="3" aliases="Site">
          <maml:name>UnifiSite</maml:name>
          <maml:Description>
            <maml:para>UniFi Site as configured. The default is: default</maml:para>
          </maml:Description>
          <command:parameterValue required="true" variableLength="false">String</command:parameterValue>
          <dev:type>
            <maml:name>String</maml:name>
            <maml:uri />
          </dev:type>
          <dev:defaultValue>Default</dev:defaultValue>
        </command:parameter>
      </command:syntaxItem>
    </command:syntax>
    <command:parameters>
      <command:parameter required="true" variableLength="true" globbing="false" pipelineInput="True (ByPropertyName, ByValue)" position="2" aliases="UnifiNetworkId, NetworkId">
        <maml:name>UnifiNetwork</maml:name>
        <maml:Description>
          <maml:para>The ID (network_id) of the network you would like to get detaild information about.</maml:para>
        </maml:Description>
        <command:parameterValue required="true" variableLength="false">String</command:parameterValue>
        <dev:type>
          <maml:name>String</maml:name>
          <maml:uri />
        </dev:type>
        <dev:defaultValue>None</dev:defaultValue>
      </command:parameter>
      <command:parameter required="false" variableLength="true" globbing="false" pipelineInput="True (ByPropertyName, ByValue)" position="3" aliases="Site">
        <maml:name>UnifiSite</maml:name>
        <maml:Description>
          <maml:para>UniFi Site as configured. The default is: default</maml:para>
        </maml:Description>
        <command:parameterValue required="true" variableLength="false">String</command:parameterValue>
        <dev:type>
          <maml:name>String</maml:name>
          <maml:uri />
        </dev:type>
        <dev:defaultValue>Default</dev:defaultValue>
      </command:parameter>
    </command:parameters>
    <command:inputTypes />
    <command:returnValues>
      <command:returnValue>
        <dev:type>
          <maml:name>System.Management.Automation.PSObject</maml:name>
        </dev:type>
        <maml:description>
          <maml:para></maml:para>
        </maml:description>
      </command:returnValue>
    </command:returnValues>
    <maml:alertSet>
      <maml:alert>
        <maml:para>Initial version of the Ubiquiti UniFi Controller automation function</maml:para>
      </maml:alert>
    </maml:alertSet>
    <command:examples>
      <command:example>
        <maml:title>-------------------------- EXAMPLE 1 --------------------------</maml:title>
        <dev:code>Get-UnifiNetworkDetails -UnifiNetwork $value1</dev:code>
        <dev:remarks>
          <maml:para>Get the details about one network via the API of the UniFi Controller</maml:para>
        </dev:remarks>
      </command:example>
      <command:example>
        <maml:title>-------------------------- EXAMPLE 2 --------------------------</maml:title>
        <dev:code>Get-UnifiNetworkDetails -UnifiNetwork $value1 -UnifiSite 'Contoso'</dev:code>
        <dev:remarks>
          <maml:para>Get the details about one network on Site 'Contoso' via the API of the UniFi Controller</maml:para>
        </dev:remarks>
      </command:example>
    </command:examples>
    <command:relatedLinks>
      <maml:navigationLink>
        <maml:linkText>Get-UniFiConfig</maml:linkText>
        <maml:uri></maml:uri>
      </maml:navigationLink>
      <maml:navigationLink>
        <maml:linkText>Set-UniFiDefaultRequestHeader</maml:linkText>
        <maml:uri></maml:uri>
      </maml:navigationLink>
      <maml:navigationLink>
        <maml:linkText>Set-UniFiDefaultRequestHeader</maml:linkText>
        <maml:uri></maml:uri>
      </maml:navigationLink>
    </command:relatedLinks>
  </command:command>
  <command:command xmlns:maml="http://schemas.microsoft.com/maml/2004/10" xmlns:command="http://schemas.microsoft.com/maml/dev/command/2004/10" xmlns:dev="http://schemas.microsoft.com/maml/dev/2004/10" xmlns:MSHelp="http://msdn.microsoft.com/mshelp">
    <command:details>
      <command:name>Get-UnifiNetworkList</command:name>
      <command:verb>Get</command:verb>
      <command:noun>UnifiNetworkList</command:noun>
      <maml:description>
        <maml:para>Get a List Networks via the API of the UniFi Controller</maml:para>
      </maml:description>
    </command:details>
    <maml:description>
      <maml:para>Get a List Networks via the API of the Ubiquiti UniFi Controller</maml:para>
    </maml:description>
    <command:syntax>
      <command:syntaxItem>
        <maml:name>Get-UnifiNetworkList</maml:name>
        <command:parameter required="false" variableLength="true" globbing="false" pipelineInput="True (ByPropertyName, ByValue)" position="2" aliases="Site">
          <maml:name>UnifiSite</maml:name>
          <maml:Description>
            <maml:para>UniFi Site as configured. The default is: default</maml:para>
          </maml:Description>
          <command:parameterValue required="true" variableLength="false">String</command:parameterValue>
          <dev:type>
            <maml:name>String</maml:name>
            <maml:uri />
          </dev:type>
          <dev:defaultValue>Default</dev:defaultValue>
        </command:parameter>
      </command:syntaxItem>
    </command:syntax>
    <command:parameters>
      <command:parameter required="false" variableLength="true" globbing="false" pipelineInput="True (ByPropertyName, ByValue)" position="2" aliases="Site">
        <maml:name>UnifiSite</maml:name>
        <maml:Description>
          <maml:para>UniFi Site as configured. The default is: default</maml:para>
        </maml:Description>
        <command:parameterValue required="true" variableLength="false">String</command:parameterValue>
        <dev:type>
          <maml:name>String</maml:name>
          <maml:uri />
        </dev:type>
        <dev:defaultValue>Default</dev:defaultValue>
      </command:parameter>
    </command:parameters>
    <command:inputTypes />
    <command:returnValues>
      <command:returnValue>
        <dev:type>
          <maml:name>System.Management.Automation.PSObject</maml:name>
        </dev:type>
        <maml:description>
          <maml:para></maml:para>
        </maml:description>
      </command:returnValue>
    </command:returnValues>
    <maml:alertSet>
      <maml:alert>
        <maml:para>Initial version of the Ubiquiti UniFi Controller automation function</maml:para>
      </maml:alert>
    </maml:alertSet>
    <command:examples>
      <command:example>
        <maml:title>-------------------------- EXAMPLE 1 --------------------------</maml:title>
        <dev:code>Get-UnifiNetworkList</dev:code>
        <dev:remarks>
          <maml:para>Get a List Networks via the API of the UniFi Controller</maml:para>
        </dev:remarks>
      </command:example>
      <command:example>
        <maml:title>-------------------------- EXAMPLE 2 --------------------------</maml:title>
        <dev:code>Get-UnifiNetworkList -UnifiSite 'Contoso'</dev:code>
        <dev:remarks>
          <maml:para>Get a List Networks on Site 'Contoso' via the API of the UniFi Controller</maml:para>
        </dev:remarks>
      </command:example>
    </command:examples>
    <command:relatedLinks>
      <maml:navigationLink>
        <maml:linkText>Get-UniFiConfig</maml:linkText>
        <maml:uri></maml:uri>
      </maml:navigationLink>
      <maml:navigationLink>
        <maml:linkText>Set-UniFiDefaultRequestHeader</maml:linkText>
        <maml:uri></maml:uri>
      </maml:navigationLink>
      <maml:navigationLink>
        <maml:linkText>Set-UniFiDefaultRequestHeader</maml:linkText>
        <maml:uri></maml:uri>
      </maml:navigationLink>
    </command:relatedLinks>
  </command:command>
  <command:command xmlns:maml="http://schemas.microsoft.com/maml/2004/10" xmlns:command="http://schemas.microsoft.com/maml/dev/command/2004/10" xmlns:dev="http://schemas.microsoft.com/maml/dev/2004/10" xmlns:MSHelp="http://msdn.microsoft.com/mshelp">
    <command:details>
      <command:name>Invoke-UniFiApiLogin</command:name>
      <command:verb>Invoke</command:verb>
      <command:noun>UniFiApiLogin</command:noun>
      <maml:description>
        <maml:para>Login to API of the UniFi Controller</maml:para>
      </maml:description>
    </command:details>
    <maml:description>
      <maml:para>Login to API of the Ubiquiti UniFi Controller</maml:para>
    </maml:description>
    <command:syntax>
      <command:syntaxItem>
        <maml:name>Invoke-UniFiApiLogin</maml:name>
      </command:syntaxItem>
    </command:syntax>
    <command:parameters />
    <command:inputTypes />
    <command:returnValues />
    <maml:alertSet>
      <maml:alert>
        <maml:para>Initial version of the Ubiquiti UniFi Controller automation function</maml:para>
      </maml:alert>
    </maml:alertSet>
    <command:examples>
      <command:example>
        <maml:title>-------------------------- EXAMPLE 1 --------------------------</maml:title>
        <dev:code>Invoke-UniFiApiLogin</dev:code>
        <dev:remarks>
          <maml:para>Login to API of the Ubiquiti UniFi Controller</maml:para>
        </dev:remarks>
      </command:example>
    </command:examples>
    <command:relatedLinks>
      <maml:navigationLink>
        <maml:linkText>Get-UniFiConfig</maml:linkText>
        <maml:uri></maml:uri>
      </maml:navigationLink>
      <maml:navigationLink>
        <maml:linkText>Get-UniFiCredentials</maml:linkText>
        <maml:uri></maml:uri>
      </maml:navigationLink>
      <maml:navigationLink>
        <maml:linkText>Set-UniFiDefaultRequestHeader</maml:linkText>
        <maml:uri></maml:uri>
      </maml:navigationLink>
      <maml:navigationLink>
        <maml:linkText>Invoke-UniFiApiLogout</maml:linkText>
        <maml:uri></maml:uri>
      </maml:navigationLink>
    </command:relatedLinks>
  </command:command>
  <command:command xmlns:maml="http://schemas.microsoft.com/maml/2004/10" xmlns:command="http://schemas.microsoft.com/maml/dev/command/2004/10" xmlns:dev="http://schemas.microsoft.com/maml/dev/2004/10" xmlns:MSHelp="http://msdn.microsoft.com/mshelp">
    <command:details>
      <command:name>Invoke-UniFiApiLogout</command:name>
      <command:verb>Invoke</command:verb>
      <command:noun>UniFiApiLogout</command:noun>
      <maml:description>
        <maml:para>Logout from the API of the UniFi Controller</maml:para>
      </maml:description>
    </command:details>
    <maml:description>
      <maml:para>Logout from the API of the Ubiquiti UniFi Controller</maml:para>
    </maml:description>
    <command:syntax>
      <command:syntaxItem>
        <maml:name>Invoke-UniFiApiLogout</maml:name>
      </command:syntaxItem>
    </command:syntax>
    <command:parameters />
    <command:inputTypes />
    <command:returnValues />
    <maml:alertSet>
      <maml:alert>
        <maml:para>Initial version of the Ubiquiti UniFi Controller automation function</maml:para>
      </maml:alert>
    </maml:alertSet>
    <command:examples>
      <command:example>
        <maml:title>-------------------------- EXAMPLE 1 --------------------------</maml:title>
        <dev:code>Invoke-UniFiApiLogout</dev:code>
        <dev:remarks>
          <maml:para>Logout from the API of the Ubiquiti UniFi Controller</maml:para>
        </dev:remarks>
      </command:example>
    </command:examples>
    <command:relatedLinks>
      <maml:navigationLink>
        <maml:linkText>Get-UniFiConfig</maml:linkText>
        <maml:uri></maml:uri>
      </maml:navigationLink>
      <maml:navigationLink>
        <maml:linkText>Set-UniFiDefaultRequestHeader</maml:linkText>
        <maml:uri></maml:uri>
      </maml:navigationLink>
      <maml:navigationLink>
        <maml:linkText>Invoke-UniFiApiLogin</maml:linkText>
        <maml:uri></maml:uri>
      </maml:navigationLink>
    </command:relatedLinks>
  </command:command>
  <command:command xmlns:maml="http://schemas.microsoft.com/maml/2004/10" xmlns:command="http://schemas.microsoft.com/maml/dev/command/2004/10" xmlns:dev="http://schemas.microsoft.com/maml/dev/2004/10" xmlns:MSHelp="http://msdn.microsoft.com/mshelp">
    <command:details>
      <command:name>Invoke-UniFiCidrWorkaround</command:name>
      <command:verb>Invoke</command:verb>
      <command:noun>UniFiCidrWorkaround</command:noun>
      <maml:description>
        <maml:para>IPv4 CIDR Workaround for UBNT USG Firewall Rules</maml:para>
      </maml:description>
    </command:details>
    <maml:description>
      <maml:para>IPv4 CIDR Workaround for UBNT USG Firewall Rules (Single IPv4 has to be without /32)</maml:para>
    </maml:description>
    <command:syntax>
      <command:syntaxItem>
        <maml:name>Invoke-UniFiCidrWorkaround</maml:name>
        <command:parameter required="true" variableLength="true" globbing="false" pipelineInput="True (ByPropertyName, ByValue)" position="2" aliases="UniFiCidrList">
          <maml:name>CidrList</maml:name>
          <maml:Description>
            <maml:para>Existing CIDR List Object</maml:para>
          </maml:Description>
          <command:parameterValue required="true" variableLength="false">PSObject</command:parameterValue>
          <dev:type>
            <maml:name>PSObject</maml:name>
            <maml:uri />
          </dev:type>
          <dev:defaultValue>None</dev:defaultValue>
        </command:parameter>
      </command:syntaxItem>
    </command:syntax>
    <command:parameters>
      <command:parameter required="true" variableLength="true" globbing="false" pipelineInput="True (ByPropertyName, ByValue)" position="2" aliases="UniFiCidrList">
        <maml:name>CidrList</maml:name>
        <maml:Description>
          <maml:para>Existing CIDR List Object</maml:para>
        </maml:Description>
        <command:parameterValue required="true" variableLength="false">PSObject</command:parameterValue>
        <dev:type>
          <maml:name>PSObject</maml:name>
          <maml:uri />
        </dev:type>
        <dev:defaultValue>None</dev:defaultValue>
      </command:parameter>
    </command:parameters>
    <command:inputTypes />
    <command:returnValues>
      <command:returnValue>
        <dev:type>
          <maml:name>System.Management.Automation.PSObject</maml:name>
        </dev:type>
        <maml:description>
          <maml:para></maml:para>
        </maml:description>
      </command:returnValue>
    </command:returnValues>
    <maml:alertSet>
      <maml:alert>
        <maml:para>This is an internal helper function only</maml:para>
      </maml:alert>
    </maml:alertSet>
    <command:examples>
      <command:example>
        <maml:title>-------------------------- EXAMPLE 1 --------------------------</maml:title>
        <dev:code>Invoke-UniFiCidrWorkaround -CidrList $value1</dev:code>
        <dev:remarks>
          <maml:para>IPv4 CIDR Workaround for UBNT USG Firewall Rules</maml:para>
        </dev:remarks>
      </command:example>
      <command:example>
        <maml:title>-------------------------- EXAMPLE 2 --------------------------</maml:title>
        <dev:code>$value1 | Invoke-UniFiCidrWorkaround</dev:code>
        <dev:remarks>
          <maml:para>IPv4 CIDR Workaround for UBNT USG Firewall Rules via Pipeline</maml:para>
        </dev:remarks>
      </command:example>
    </command:examples>
    <command:relatedLinks>
      <maml:navigationLink>
        <maml:linkText>Invoke-UniFiCidrWorkaroundV6</maml:linkText>
        <maml:uri></maml:uri>
      </maml:navigationLink>
    </command:relatedLinks>
  </command:command>
  <command:command xmlns:maml="http://schemas.microsoft.com/maml/2004/10" xmlns:command="http://schemas.microsoft.com/maml/dev/command/2004/10" xmlns:dev="http://schemas.microsoft.com/maml/dev/2004/10" xmlns:MSHelp="http://msdn.microsoft.com/mshelp">
    <command:details>
      <command:name>Invoke-UniFiCidrWorkaroundV6</command:name>
      <command:verb>Invoke</command:verb>
      <command:noun>UniFiCidrWorkaroundV6</command:noun>
      <maml:description>
        <maml:para>IPv6 CIDR Workaround for UBNT USG Firewall Rules</maml:para>
      </maml:description>
    </command:details>
    <maml:description>
      <maml:para>IPv6 CIDR Workaround for UBNT USG Firewall Rules (Single IPv6 has to be without /128)</maml:para>
    </maml:description>
    <command:syntax>
      <command:syntaxItem>
        <maml:name>Invoke-UniFiCidrWorkaroundV6</maml:name>
        <command:parameter required="true" variableLength="true" globbing="false" pipelineInput="True (ByPropertyName, ByValue)" position="2" aliases="UniFiCidrList">
          <maml:name>CidrList</maml:name>
          <maml:Description>
            <maml:para>Existing CIDR List Object</maml:para>
          </maml:Description>
          <command:parameterValue required="true" variableLength="false">PSObject</command:parameterValue>
          <dev:type>
            <maml:name>PSObject</maml:name>
            <maml:uri />
          </dev:type>
          <dev:defaultValue>None</dev:defaultValue>
        </command:parameter>
      </command:syntaxItem>
    </command:syntax>
    <command:parameters>
      <command:parameter required="true" variableLength="true" globbing="false" pipelineInput="True (ByPropertyName, ByValue)" position="2" aliases="UniFiCidrList">
        <maml:name>CidrList</maml:name>
        <maml:Description>
          <maml:para>Existing CIDR List Object</maml:para>
        </maml:Description>
        <command:parameterValue required="true" variableLength="false">PSObject</command:parameterValue>
        <dev:type>
          <maml:name>PSObject</maml:name>
          <maml:uri />
        </dev:type>
        <dev:defaultValue>None</dev:defaultValue>
      </command:parameter>
    </command:parameters>
    <command:inputTypes />
    <command:returnValues>
      <command:returnValue>
        <dev:type>
          <maml:name>System.Management.Automation.PSObject</maml:name>
        </dev:type>
        <maml:description>
          <maml:para></maml:para>
        </maml:description>
      </command:returnValue>
    </command:returnValues>
    <maml:alertSet>
      <maml:alert>
        <maml:para>This is an internal helper function only</maml:para>
      </maml:alert>
    </maml:alertSet>
    <command:examples>
      <command:example>
        <maml:title>-------------------------- EXAMPLE 1 --------------------------</maml:title>
        <dev:code>Invoke-UniFiCidrWorkaroundV6 -CidrList $value1</dev:code>
        <dev:remarks>
          <maml:para>IPv6 CIDR Workaround for UBNT USG Firewall Rules</maml:para>
        </dev:remarks>
      </command:example>
      <command:example>
        <maml:title>-------------------------- EXAMPLE 2 --------------------------</maml:title>
        <dev:code>$value1 | Invoke-UniFiCidrWorkaroundV6</dev:code>
        <dev:remarks>
          <maml:para>IPv6 CIDR Workaround for UBNT USG Firewall Rules via Pipeline</maml:para>
        </dev:remarks>
      </command:example>
    </command:examples>
    <command:relatedLinks>
      <maml:navigationLink>
        <maml:linkText>Invoke-UniFiCidrWorkaround</maml:linkText>
        <maml:uri></maml:uri>
      </maml:navigationLink>
    </command:relatedLinks>
  </command:command>
  <command:command xmlns:maml="http://schemas.microsoft.com/maml/2004/10" xmlns:command="http://schemas.microsoft.com/maml/dev/command/2004/10" xmlns:dev="http://schemas.microsoft.com/maml/dev/2004/10" xmlns:MSHelp="http://msdn.microsoft.com/mshelp">
    <command:details>
      <command:name>Set-UnifiFirewallGroup</command:name>
      <command:verb>Set</command:verb>
      <command:noun>UnifiFirewallGroup</command:noun>
      <maml:description>
        <maml:para>Get a given Firewall Group via the API of the UniFi Controller</maml:para>
      </maml:description>
    </command:details>
    <maml:description>
      <maml:para>Get a given Firewall Group via the API of the Ubiquiti UniFi Controller</maml:para>
    </maml:description>
    <command:syntax>
      <command:syntaxItem>
        <maml:name>Set-UnifiFirewallGroup</maml:name>
        <command:parameter required="true" variableLength="true" globbing="false" pipelineInput="True (ByPropertyName, ByValue)" position="2" aliases="FirewallGroup">
          <maml:name>UnfiFirewallGroup</maml:name>
          <maml:Description>
            <maml:para>Unfi Firewall Group</maml:para>
          </maml:Description>
          <command:parameterValue required="true" variableLength="false">String</command:parameterValue>
          <dev:type>
            <maml:name>String</maml:name>
            <maml:uri />
          </dev:type>
          <dev:defaultValue>None</dev:defaultValue>
        </command:parameter>
        <command:parameter required="true" variableLength="true" globbing="false" pipelineInput="True (ByPropertyName, ByValue)" position="3" aliases="CidrInput">
          <maml:name>UnifiCidrInput</maml:name>
          <maml:Description>
            <maml:para>IPv4 or IPv6 input List (PSObject)</maml:para>
          </maml:Description>
          <command:parameterValue required="true" variableLength="false">PSObject</command:parameterValue>
          <dev:type>
            <maml:name>PSObject</maml:name>
            <maml:uri />
          </dev:type>
          <dev:defaultValue>None</dev:defaultValue>
        </command:parameter>
        <command:parameter required="false" variableLength="true" globbing="false" pipelineInput="True (ByPropertyName, ByValue)" position="4" aliases="Site">
          <maml:name>UnifiSite</maml:name>
          <maml:Description>
            <maml:para>UniFi Site as configured. The default is: default</maml:para>
          </maml:Description>
          <command:parameterValue required="true" variableLength="false">String</command:parameterValue>
          <dev:type>
            <maml:name>String</maml:name>
            <maml:uri />
          </dev:type>
          <dev:defaultValue>Default</dev:defaultValue>
        </command:parameter>
      </command:syntaxItem>
    </command:syntax>
    <command:parameters>
      <command:parameter required="true" variableLength="true" globbing="false" pipelineInput="True (ByPropertyName, ByValue)" position="2" aliases="FirewallGroup">
        <maml:name>UnfiFirewallGroup</maml:name>
        <maml:Description>
          <maml:para>Unfi Firewall Group</maml:para>
        </maml:Description>
        <command:parameterValue required="true" variableLength="false">String</command:parameterValue>
        <dev:type>
          <maml:name>String</maml:name>
          <maml:uri />
        </dev:type>
        <dev:defaultValue>None</dev:defaultValue>
      </command:parameter>
      <command:parameter required="true" variableLength="true" globbing="false" pipelineInput="True (ByPropertyName, ByValue)" position="3" aliases="CidrInput">
        <maml:name>UnifiCidrInput</maml:name>
        <maml:Description>
          <maml:para>IPv4 or IPv6 input List (PSObject)</maml:para>
        </maml:Description>
        <command:parameterValue required="true" variableLength="false">PSObject</command:parameterValue>
        <dev:type>
          <maml:name>PSObject</maml:name>
          <maml:uri />
        </dev:type>
        <dev:defaultValue>None</dev:defaultValue>
      </command:parameter>
      <command:parameter required="false" variableLength="true" globbing="false" pipelineInput="True (ByPropertyName, ByValue)" position="4" aliases="Site">
        <maml:name>UnifiSite</maml:name>
        <maml:Description>
          <maml:para>UniFi Site as configured. The default is: default</maml:para>
        </maml:Description>
        <command:parameterValue required="true" variableLength="false">String</command:parameterValue>
        <dev:type>
          <maml:name>String</maml:name>
          <maml:uri />
        </dev:type>
        <dev:defaultValue>Default</dev:defaultValue>
      </command:parameter>
    </command:parameters>
    <command:inputTypes />
    <command:returnValues />
    <maml:alertSet>
      <maml:alert>
        <maml:para>Initial version of the Ubiquiti UniFi Controller automation function</maml:para>
      </maml:alert>
    </maml:alertSet>
    <command:examples>
      <command:example>
        <maml:title>-------------------------- EXAMPLE 1 --------------------------</maml:title>
        <dev:code>Set-UnifiFirewallGroup -UnfiFirewallGroup 'Value1' -UnifiCidrInput $value2</dev:code>
        <dev:remarks>
          <maml:para>Get a given Firewall Group via the API of the Ubiquiti UniFi Controller</maml:para>
        </dev:remarks>
      </command:example>
    </command:examples>
    <command:relatedLinks>
      <maml:navigationLink>
        <maml:linkText>Get-UnifiFirewallGroups</maml:linkText>
        <maml:uri></maml:uri>
      </maml:navigationLink>
      <maml:navigationLink>
        <maml:linkText>Get-UnifiFirewallGroupBody</maml:linkText>
        <maml:uri></maml:uri>
      </maml:navigationLink>
      <maml:navigationLink>
        <maml:linkText>Get-UniFiConfig</maml:linkText>
        <maml:uri></maml:uri>
      </maml:navigationLink>
      <maml:navigationLink>
        <maml:linkText>Set-UniFiDefaultRequestHeader</maml:linkText>
        <maml:uri></maml:uri>
      </maml:navigationLink>
    </command:relatedLinks>
  </command:command>
  <command:command xmlns:maml="http://schemas.microsoft.com/maml/2004/10" xmlns:command="http://schemas.microsoft.com/maml/dev/command/2004/10" xmlns:dev="http://schemas.microsoft.com/maml/dev/2004/10" xmlns:MSHelp="http://msdn.microsoft.com/mshelp">
    <command:details>
      <command:name>Set-UnifiNetworkDetails</command:name>
      <command:verb>Set</command:verb>
      <command:noun>UnifiNetworkDetails</command:noun>
      <maml:description>
        <maml:para>Modifies one network via the API of the UniFi Controller</maml:para>
      </maml:description>
    </command:details>
    <maml:description>
      <maml:para>Modifies one network via the API of the UniFi Controller</maml:para>
    </maml:description>
    <command:syntax>
      <command:syntaxItem>
        <maml:name>Set-UnifiNetworkDetails</maml:name>
        <command:parameter required="true" variableLength="true" globbing="false" pipelineInput="True (ByPropertyName, ByValue)" position="2" aliases="UnifiNetworkId, NetworkId">
          <maml:name>UnifiNetwork</maml:name>
          <maml:Description>
            <maml:para>The ID (network_id) of the network you would like to get detaild information about.</maml:para>
          </maml:Description>
          <command:parameterValue required="true" variableLength="false">String</command:parameterValue>
          <dev:type>
            <maml:name>String</maml:name>
            <maml:uri />
          </dev:type>
          <dev:defaultValue>None</dev:defaultValue>
        </command:parameter>
        <command:parameter required="true" variableLength="true" globbing="false" pipelineInput="True (ByPropertyName, ByValue)" position="3" aliases="Body">
          <maml:name>UniFiBody</maml:name>
          <maml:Description>
            <maml:para>JSON formed Body for the Request</maml:para>
          </maml:Description>
          <command:parameterValue required="true" variableLength="false">String</command:parameterValue>
          <dev:type>
            <maml:name>String</maml:name>
            <maml:uri />
          </dev:type>
          <dev:defaultValue>None</dev:defaultValue>
        </command:parameter>
        <command:parameter required="false" variableLength="true" globbing="false" pipelineInput="True (ByPropertyName, ByValue)" position="4" aliases="Site">
          <maml:name>UnifiSite</maml:name>
          <maml:Description>
            <maml:para>UniFi Site as configured. The default is: default</maml:para>
          </maml:Description>
          <command:parameterValue required="true" variableLength="false">String</command:parameterValue>
          <dev:type>
            <maml:name>String</maml:name>
            <maml:uri />
          </dev:type>
          <dev:defaultValue>Default</dev:defaultValue>
        </command:parameter>
      </command:syntaxItem>
    </command:syntax>
    <command:parameters>
      <command:parameter required="true" variableLength="true" globbing="false" pipelineInput="True (ByPropertyName, ByValue)" position="2" aliases="UnifiNetworkId, NetworkId">
        <maml:name>UnifiNetwork</maml:name>
        <maml:Description>
          <maml:para>The ID (network_id) of the network you would like to get detaild information about.</maml:para>
        </maml:Description>
        <command:parameterValue required="true" variableLength="false">String</command:parameterValue>
        <dev:type>
          <maml:name>String</maml:name>
          <maml:uri />
        </dev:type>
        <dev:defaultValue>None</dev:defaultValue>
      </command:parameter>
      <command:parameter required="true" variableLength="true" globbing="false" pipelineInput="True (ByPropertyName, ByValue)" position="3" aliases="Body">
        <maml:name>UniFiBody</maml:name>
        <maml:Description>
          <maml:para>JSON formed Body for the Request</maml:para>
        </maml:Description>
        <command:parameterValue required="true" variableLength="false">String</command:parameterValue>
        <dev:type>
          <maml:name>String</maml:name>
          <maml:uri />
        </dev:type>
        <dev:defaultValue>None</dev:defaultValue>
      </command:parameter>
      <command:parameter required="false" variableLength="true" globbing="false" pipelineInput="True (ByPropertyName, ByValue)" position="4" aliases="Site">
        <maml:name>UnifiSite</maml:name>
        <maml:Description>
          <maml:para>UniFi Site as configured. The default is: default</maml:para>
        </maml:Description>
        <command:parameterValue required="true" variableLength="false">String</command:parameterValue>
        <dev:type>
          <maml:name>String</maml:name>
          <maml:uri />
        </dev:type>
        <dev:defaultValue>Default</dev:defaultValue>
      </command:parameter>
    </command:parameters>
    <command:inputTypes />
    <command:returnValues>
      <command:returnValue>
        <dev:type>
          <maml:name>System.Management.Automation.PSObject</maml:name>
        </dev:type>
        <maml:description>
          <maml:para></maml:para>
        </maml:description>
      </command:returnValue>
    </command:returnValues>
    <maml:alertSet>
      <maml:alert>
        <maml:para>Initial version of the Ubiquiti UniFi Controller automation function</maml:para>
      </maml:alert>
    </maml:alertSet>
    <command:examples>
      <command:example>
        <maml:title>-------------------------- EXAMPLE 1 --------------------------</maml:title>
        <dev:code>Set-UnifiNetworkDetails -UnifiNetwork $value1</dev:code>
        <dev:remarks>
          <maml:para>Get the details about one network via the API of the UniFi Controller</maml:para>
        </dev:remarks>
      </command:example>
      <command:example>
        <maml:title>-------------------------- EXAMPLE 2 --------------------------</maml:title>
        <dev:code>Set-UnifiNetworkDetails -UnifiNetwork $value1 -UnifiSite 'Contoso'</dev:code>
        <dev:remarks>
          <maml:para>Get the details about one network on Site 'Contoso' via the API of the UniFi Controller</maml:para>
        </dev:remarks>
      </command:example>
    </command:examples>
    <command:relatedLinks>
      <maml:navigationLink>
        <maml:linkText>Get-UniFiConfig</maml:linkText>
        <maml:uri></maml:uri>
      </maml:navigationLink>
      <maml:navigationLink>
        <maml:linkText>Set-UniFiDefaultRequestHeader</maml:linkText>
        <maml:uri></maml:uri>
      </maml:navigationLink>
      <maml:navigationLink>
        <maml:linkText>Set-UniFiDefaultRequestHeader</maml:linkText>
        <maml:uri></maml:uri>
      </maml:navigationLink>
    </command:relatedLinks>
  </command:command>
</helpItems>