﻿<?xml version="1.0" encoding="utf-8"?>
<helpItems schema="maml" xmlns="http://msh">
  <command:command xmlns:maml="http://schemas.microsoft.com/maml/2004/10" xmlns:command="http://schemas.microsoft.com/maml/dev/command/2004/10" xmlns:dev="http://schemas.microsoft.com/maml/dev/2004/10" xmlns:MSHelp="http://msdn.microsoft.com/mshelp">
    <command:details>
      <command:name>New-UniFiConfig</command:name>
      <command:verb>New</command:verb>
      <command:noun>UniFiConfig</command:noun>
      <maml:description>
        <maml:para>Creates the UniFi config JSON file</maml:para>
      </maml:description>
    </command:details>
    <maml:description>
      <maml:para>Creates the UniFi config JSON file. If no input is given it creates one with all the defaults.</maml:para>
    </maml:description>
    <command:syntax>
      <command:syntaxItem>
        <maml:name>New-UniFiConfig</maml:name>
        <command:parameter required="false" variableLength="true" globbing="false" pipelineInput="True (ByPropertyName, ByValue)" position="2" aliases="enUniFiUsername">
          <maml:name>UniFiUsername</maml:name>
          <maml:Description>
            <maml:para>The login of a UniFi User with admin rights</maml:para>
          </maml:Description>
          <command:parameterValue required="true" variableLength="false">String</command:parameterValue>
          <dev:type>
            <maml:name>String</maml:name>
            <maml:uri />
          </dev:type>
          <dev:defaultValue>Unfi.admin.user</dev:defaultValue>
        </command:parameter>
        <command:parameter required="false" variableLength="true" globbing="false" pipelineInput="True (ByPropertyName, ByValue)" position="3" aliases="enUniFiPassword">
          <maml:name>UniFiPassword</maml:name>
          <maml:Description>
            <maml:para>The password for the user given above. It is clear text for now. I know... But the Ubiquiti UniFi Controller seems to understand plain text only.</maml:para>
          </maml:Description>
          <command:parameterValue required="true" variableLength="false">String</command:parameterValue>
          <dev:type>
            <maml:name>String</maml:name>
            <maml:uri />
          </dev:type>
          <dev:defaultValue>MySuperSecretPassworHere</dev:defaultValue>
        </command:parameter>
        <command:parameter required="false" variableLength="true" globbing="false" pipelineInput="True (ByPropertyName, ByValue)" position="4" aliases="enUniFiProtocol">
          <maml:name>UniFiProtocol</maml:name>
          <maml:Description>
            <maml:para>Valid is http and https. default is https Please note: http is untested and it might not even work!</maml:para>
          </maml:Description>
          <command:parameterValue required="true" variableLength="false">String</command:parameterValue>
          <dev:type>
            <maml:name>String</maml:name>
            <maml:uri />
          </dev:type>
          <dev:defaultValue>Https</dev:defaultValue>
        </command:parameter>
        <command:parameter required="false" variableLength="true" globbing="false" pipelineInput="True (ByPropertyName, ByValue)" position="5" aliases="enUniFiSelfSignedCert">
          <maml:name>UniFiSelfSignedCert</maml:name>
          <maml:Description>
            <maml:para>If you use a self signed certificate and/or a certificate from an untrusted CA, you might want to use true here. Default is FALSE</maml:para>
          </maml:Description>
          <command:parameterValue required="true" variableLength="false">Boolean</command:parameterValue>
          <dev:type>
            <maml:name>Boolean</maml:name>
            <maml:uri />
          </dev:type>
          <dev:defaultValue>False</dev:defaultValue>
        </command:parameter>
        <command:parameter required="false" variableLength="true" globbing="false" pipelineInput="True (ByPropertyName, ByValue)" position="6" aliases="enUniFiHostname">
          <maml:name>UniFiHostname</maml:name>
          <maml:Description>
            <maml:para>The Ubiquiti UniFi Controller you want to use. You can use a Fully-Qualified Host Name (FQHN) or an IP address.</maml:para>
          </maml:Description>
          <command:parameterValue required="true" variableLength="false">String</command:parameterValue>
          <dev:type>
            <maml:name>String</maml:name>
            <maml:uri />
          </dev:type>
          <dev:defaultValue>Unifi.contoso.com</dev:defaultValue>
        </command:parameter>
        <command:parameter required="false" variableLength="true" globbing="false" pipelineInput="True (ByPropertyName, ByValue)" position="7" aliases="enUniFiPort">
          <maml:name>UniFiPort</maml:name>
          <maml:Description>
            <maml:para>The port number that you have configured on your Ubiquiti UniFi Controller. The default is 8443</maml:para>
          </maml:Description>
          <command:parameterValue required="true" variableLength="false">Int32</command:parameterValue>
          <dev:type>
            <maml:name>Int32</maml:name>
            <maml:uri />
          </dev:type>
          <dev:defaultValue>8443</dev:defaultValue>
        </command:parameter>
        <command:parameter required="false" variableLength="true" globbing="false" pipelineInput="True (ByPropertyName, ByValue)" position="8" aliases="enConfigPath, ConfigPath">
          <maml:name>Path</maml:name>
          <maml:Description>
            <maml:para>Where to safe the JSON config. Default is the directory where you call the function. e.g. .\UniFiConfig.json</maml:para>
          </maml:Description>
          <command:parameterValue required="true" variableLength="false">String</command:parameterValue>
          <dev:type>
            <maml:name>String</maml:name>
            <maml:uri />
          </dev:type>
          <dev:defaultValue>.\UniFiConfig.json</dev:defaultValue>
        </command:parameter>
        <command:parameter required="false" variableLength="true" globbing="false" pipelineInput="True (ByPropertyName, ByValue)" position="9" aliases="none">
          <maml:name>force</maml:name>
          <maml:Description>
            <maml:para>Replaces the contents of a file, even if the file is read-only. Without this parameter, read-only files are not changed.</maml:para>
          </maml:Description>
          <dev:type>
            <maml:name>SwitchParameter</maml:name>
            <maml:uri />
          </dev:type>
          <dev:defaultValue>False</dev:defaultValue>
        </command:parameter>
        <command:parameter required="false" variableLength="true" globbing="false" pipelineInput="False" position="named" aliases="wi">
          <maml:name>WhatIf</maml:name>
          <maml:Description>
            <maml:para>Shows what would happen if the cmdlet runs. The cmdlet is not run.</maml:para>
          </maml:Description>
          <dev:type>
            <maml:name>SwitchParameter</maml:name>
            <maml:uri />
          </dev:type>
          <dev:defaultValue>False</dev:defaultValue>
        </command:parameter>
        <command:parameter required="false" variableLength="true" globbing="false" pipelineInput="False" position="named" aliases="cf">
          <maml:name>Confirm</maml:name>
          <maml:Description>
            <maml:para>Prompts you for confirmation before running the cmdlet.</maml:para>
          </maml:Description>
          <dev:type>
            <maml:name>SwitchParameter</maml:name>
            <maml:uri />
          </dev:type>
          <dev:defaultValue>False</dev:defaultValue>
        </command:parameter>
      </command:syntaxItem>
    </command:syntax>
    <command:parameters>
      <command:parameter required="false" variableLength="true" globbing="false" pipelineInput="True (ByPropertyName, ByValue)" position="2" aliases="enUniFiUsername">
        <maml:name>UniFiUsername</maml:name>
        <maml:Description>
          <maml:para>The login of a UniFi User with admin rights</maml:para>
        </maml:Description>
        <command:parameterValue required="true" variableLength="false">String</command:parameterValue>
        <dev:type>
          <maml:name>String</maml:name>
          <maml:uri />
        </dev:type>
        <dev:defaultValue>Unfi.admin.user</dev:defaultValue>
      </command:parameter>
      <command:parameter required="false" variableLength="true" globbing="false" pipelineInput="True (ByPropertyName, ByValue)" position="3" aliases="enUniFiPassword">
        <maml:name>UniFiPassword</maml:name>
        <maml:Description>
          <maml:para>The password for the user given above. It is clear text for now. I know... But the Ubiquiti UniFi Controller seems to understand plain text only.</maml:para>
        </maml:Description>
        <command:parameterValue required="true" variableLength="false">String</command:parameterValue>
        <dev:type>
          <maml:name>String</maml:name>
          <maml:uri />
        </dev:type>
        <dev:defaultValue>MySuperSecretPassworHere</dev:defaultValue>
      </command:parameter>
      <command:parameter required="false" variableLength="true" globbing="false" pipelineInput="True (ByPropertyName, ByValue)" position="4" aliases="enUniFiProtocol">
        <maml:name>UniFiProtocol</maml:name>
        <maml:Description>
          <maml:para>Valid is http and https. default is https Please note: http is untested and it might not even work!</maml:para>
        </maml:Description>
        <command:parameterValue required="true" variableLength="false">String</command:parameterValue>
        <dev:type>
          <maml:name>String</maml:name>
          <maml:uri />
        </dev:type>
        <dev:defaultValue>Https</dev:defaultValue>
      </command:parameter>
      <command:parameter required="false" variableLength="true" globbing="false" pipelineInput="True (ByPropertyName, ByValue)" position="5" aliases="enUniFiSelfSignedCert">
        <maml:name>UniFiSelfSignedCert</maml:name>
        <maml:Description>
          <maml:para>If you use a self signed certificate and/or a certificate from an untrusted CA, you might want to use true here. Default is FALSE</maml:para>
        </maml:Description>
        <command:parameterValue required="true" variableLength="false">Boolean</command:parameterValue>
        <dev:type>
          <maml:name>Boolean</maml:name>
          <maml:uri />
        </dev:type>
        <dev:defaultValue>False</dev:defaultValue>
      </command:parameter>
      <command:parameter required="false" variableLength="true" globbing="false" pipelineInput="True (ByPropertyName, ByValue)" position="6" aliases="enUniFiHostname">
        <maml:name>UniFiHostname</maml:name>
        <maml:Description>
          <maml:para>The Ubiquiti UniFi Controller you want to use. You can use a Fully-Qualified Host Name (FQHN) or an IP address.</maml:para>
        </maml:Description>
        <command:parameterValue required="true" variableLength="false">String</command:parameterValue>
        <dev:type>
          <maml:name>String</maml:name>
          <maml:uri />
        </dev:type>
        <dev:defaultValue>Unifi.contoso.com</dev:defaultValue>
      </command:parameter>
      <command:parameter required="false" variableLength="true" globbing="false" pipelineInput="True (ByPropertyName, ByValue)" position="7" aliases="enUniFiPort">
        <maml:name>UniFiPort</maml:name>
        <maml:Description>
          <maml:para>The port number that you have configured on your Ubiquiti UniFi Controller. The default is 8443</maml:para>
        </maml:Description>
        <command:parameterValue required="true" variableLength="false">Int32</command:parameterValue>
        <dev:type>
          <maml:name>Int32</maml:name>
          <maml:uri />
        </dev:type>
        <dev:defaultValue>8443</dev:defaultValue>
      </command:parameter>
      <command:parameter required="false" variableLength="true" globbing="false" pipelineInput="True (ByPropertyName, ByValue)" position="8" aliases="enConfigPath, ConfigPath">
        <maml:name>Path</maml:name>
        <maml:Description>
          <maml:para>Where to safe the JSON config. Default is the directory where you call the function. e.g. .\UniFiConfig.json</maml:para>
        </maml:Description>
        <command:parameterValue required="true" variableLength="false">String</command:parameterValue>
        <dev:type>
          <maml:name>String</maml:name>
          <maml:uri />
        </dev:type>
        <dev:defaultValue>.\UniFiConfig.json</dev:defaultValue>
      </command:parameter>
      <command:parameter required="false" variableLength="true" globbing="false" pipelineInput="True (ByPropertyName, ByValue)" position="9" aliases="none">
        <maml:name>force</maml:name>
        <maml:Description>
          <maml:para>Replaces the contents of a file, even if the file is read-only. Without this parameter, read-only files are not changed.</maml:para>
        </maml:Description>
        <command:parameterValue required="false" variableLength="false">SwitchParameter</command:parameterValue>
        <dev:type>
          <maml:name>SwitchParameter</maml:name>
          <maml:uri />
        </dev:type>
        <dev:defaultValue>False</dev:defaultValue>
      </command:parameter>
      <command:parameter required="false" variableLength="true" globbing="false" pipelineInput="False" position="named" aliases="wi">
        <maml:name>WhatIf</maml:name>
        <maml:Description>
          <maml:para>Shows what would happen if the cmdlet runs. The cmdlet is not run.</maml:para>
        </maml:Description>
        <command:parameterValue required="false" variableLength="false">SwitchParameter</command:parameterValue>
        <dev:type>
          <maml:name>SwitchParameter</maml:name>
          <maml:uri />
        </dev:type>
        <dev:defaultValue>False</dev:defaultValue>
      </command:parameter>
      <command:parameter required="false" variableLength="true" globbing="false" pipelineInput="False" position="named" aliases="cf">
        <maml:name>Confirm</maml:name>
        <maml:Description>
          <maml:para>Prompts you for confirmation before running the cmdlet.</maml:para>
        </maml:Description>
        <command:parameterValue required="false" variableLength="false">SwitchParameter</command:parameterValue>
        <dev:type>
          <maml:name>SwitchParameter</maml:name>
          <maml:uri />
        </dev:type>
        <dev:defaultValue>False</dev:defaultValue>
      </command:parameter>
    </command:parameters>
    <command:inputTypes />
    <command:returnValues />
    <maml:alertSet>
      <maml:alert>
        <maml:para>Just an helper function to create a JSON config</maml:para>
      </maml:alert>
    </maml:alertSet>
    <command:examples>
      <command:example>
        <maml:title>-------------------------- EXAMPLE 1 --------------------------</maml:title>
        <dev:code>New-UniFiConfig</dev:code>
        <dev:remarks>
          <maml:para></maml:para>
        </dev:remarks>
      </command:example>
      <command:example>
        <maml:title>-------------------------- EXAMPLE 2 --------------------------</maml:title>
        <dev:code>New-UniFiConfig -UniFiUsername 'unfi.admin.user' -UniFiPassword 'mySuperSecretPassworHere' -UniFiProtocol 'https' -UniFiSelfSignedCert $true -UniFiHostname 'unifi.contoso.com' -UniFiPort '8443' -Path '.\UniFiConfig.json'</dev:code>
        <dev:remarks>
          <maml:para></maml:para>
        </dev:remarks>
      </command:example>
      <command:example>
        <maml:title>-------------------------- EXAMPLE 3 --------------------------</maml:title>
        <dev:code>New-UniFiConfig -UniFiUsername 'unfi.admin.user' -UniFiPassword 'mySuperSecretPassworHere' -UniFiProtocol 'https' -UniFiSelfSignedCert $true -UniFiHostname 'unifi.contoso.com' -UniFiPort '8443' -Path '.\UniFiConfig.json' -force</dev:code>
        <dev:remarks>
          <maml:para></maml:para>
        </dev:remarks>
      </command:example>
    </command:examples>
    <command:relatedLinks>
      <maml:navigationLink>
        <maml:linkText>Online Version:</maml:linkText>
        <maml:uri>https://github.com/jhochwald/UniFiTooling/raw/master/docs/New-UniFiConfig.md</maml:uri>
      </maml:navigationLink>
      <maml:navigationLink>
        <maml:linkText>Get-UniFiConfig</maml:linkText>
        <maml:uri></maml:uri>
      </maml:navigationLink>
      <maml:navigationLink>
        <maml:linkText>Get-UniFiCredentials</maml:linkText>
        <maml:uri></maml:uri>
      </maml:navigationLink>
    </command:relatedLinks>
  </command:command>
</helpItems>